reference_start	is_read1	strand	query_alignment_start	query_alignment_end	full_barcode	variable_barcode
102	2	-	20	82	GCTGAGACGGTGACCCTGTTACTGTTGTCAGTCGT_______	AGAGTGACTGT
102	2	-	18	80	GCTGAGACGGTGACCCTGTTACTGTTGTCAGTCGT_______	AGAGTGACTGT
102	2	-	20	51	GCTG______________________________________	___________
102	2	-	18	60	GCTGAGACGGTGACC___________________________	AGAGTGA____
102	2	-	20	62	GCTGAGACGGTGACC___________________________	AGAGTGA____
102	2	-	20	82	GCTGAGACGGTGACCCTGTTACTGTTGTCAGTCGT_______	AGAGTGACTGT
102	2	-	20	56	GCTGAGACG_________________________________	AGA________
102	2	-	19	81	GCTGAGACGGTGACCCTGTTACTGTTGTCAGTCGT_______	AGAGTGACTGT
102	2	-	20	82	GCTGAGACGGTGACCCTGTTACTGTTGTCAGTCGT_______	AGAGTGACTGT
102	2	-	20	70	GCTGAGACGGTGACCCTGTTACT___________________	AGAGTGACTGT
102	2	-	17	79	GCTGAGACGGTGACCCTGTTACTGTTGTCAGTCGT_______	AGAGTGACTGT
102	2	-	20	82	GCTGAGACGGTGACCCTGTTACTGTTGTCAGTCGT_______	AGAGTGACTGT
102	2	-	17	79	GCTGAGACGGTGACCCTGTTACTGTTGTCAGTCGT_______	AGAGTGACTGT
102	2	-	24	74	GCTGAGACGGTGACCCTGTTACT___________________	AGAGTGACTGT
102	2	-	20	82	GCTGAGACGGTGACCCTGTTACTGTTGTCAGTCGT_______	AGAGTGACTGT
102	2	-	20	82	GCTGAGACGGTGACCCTGTTACTGTTGTCAGTCGT_______	AGAGTGACTGT
102	2	-	17	79	GCTGAGACGGTGACCCTGTTACTGTTGTCAGTCGT_______	AGAGTGACTGT
102	2	-	20	62	GCTGAGACGGTGACC___________________________	AGAGTGA____
102	2	-	20	62	GCTGAGACGGTGACC___________________________	AGAGTGA____
102	2	-	19	61	GCTGAGACGGTGACC___________________________	AGAGTGA____
102	2	-	20	174	GCTGAGACGGTGACCCTGTTACTGTGTCAGTCGTTATTATGA	AGAGTGACTGT
102	2	-	18	80	GCTGAGACGGTGACCCTGTTACTGTTGTCAGTCGT_______	AGAGTGACTGT
102	2	-	20	56	GCTGAGACG_________________________________	AGA________
102	2	-	19	81	GCTGAGACGGTGACCCTGTTACTGTTGTCAGTCGT_______	AGAGTGACTGT
102	2	-	18	80	GCTGAGACGGTGACCCTGTTACTGTTGTCAGTCGT_______	AGAGTGACTGT
102	2	-	7	49	GCTGAGACGGTGACC___________________________	AGAGTGA____
102	2	-	20	51	GCTG______________________________________	___________
102	2	-	20	51	GCTG______________________________________	___________
102	2	-	20	82	GCTGAGACGGTGACCCTGTTACTGTTGTCAGTCGT_______	AGAGTGACTGT
102	2	-	18	80	GCTGAGACGGTGACCCTGTTACTGTTGTCAGTCGT_______	AGAGTGACTGT
102	2	-	20	82	GCTGAGACGGTGACCCTGTTACTGTTGTCAGTCGT_______	AGAGTGACTGT
102	2	-	18	60	GCTGAGACGGTGACC___________________________	AGAGTGA____
102	2	-	19	50	GCTG______________________________________	___________
102	2	-	19	81	GCTGAGACGGTGACCCTGTTACTGTTGTCAGTCGT_______	AGAGTGACTGT
102	2	-	18	80	GCTGAGACGGTGACCCTGTTACTGTTGTCAGTCGT_______	AGAGTGACTGT
102	2	-	20	82	GCTGAGACGGTGACCCTGTTACTGTTGTCAGTCGT_______	AGAGTGACTGT
102	2	-	19	61	GCTGAGACGGTGACC___________________________	AGAGTGA____
102	2	-	20	82	GCTGAGACGGTGACCCTGTTACTGTTGTCAGTCGT_______	AGAGTGACTGT
102	2	-	18	80	GCTGAGACGGTGACCCTGTTACTGTTGTCAGTCGT_______	AGAGTGACTGT
102	2	-	19	50	GCTG______________________________________	___________
102	2	-	19	81	GCTGAGACGGTGACCCTGTTACTGTTGTCAGTCGT_______	AGAGTGACTGT
102	2	-	20	82	GCTGAGACGGTGACCCTGTTACTGTTGTCAGTCGT_______	AGAGTGACTGT
102	2	-	20	50	GCT_______________________________________	___________
102	2	-	18	73	GCTGAGACGGTGACCCTGTTACTGTTGT______________	AGAGTGACTGT
102	2	-	18	80	GCTGAGACGGTGACCCTGTTACTGTTGTCAGTCGT_______	AGAGTGACTGT
102	2	-	19	81	GCTGAGACGGTGACCCTGTTACTGTTGTCAGTCGT_______	AGAGTGACTGT
102	2	-	20	82	GCTGAGACGGTGACCCTGTTACTGTTGTCAGTCGT_______	AGAGTGACTGT
102	2	-	20	62	GCTGAGACGGTGACC___________________________	AGAGTGA____
102	2	-	20	82	GCTGAGACGGTGACCCTGTTACTGTTGTCAGTCGT_______	AGAGTGACTGT
102	2	-	20	51	GCTG______________________________________	___________
102	2	-	20	82	GCTGAGACGGTGACCCTGTTACTGTTGTCAGTCGT_______	AGAGTGACTGT
102	2	-	20	62	GCTGAGACGGTGACC___________________________	AGAGTGA____
102	2	-	20	56	GCTGAGACG_________________________________	AGA________
102	2	-	18	80	GCTGAGACGGTGACCCTGTTACTGTTGTCAGTCGT_______	AGAGTGACTGT
102	2	-	18	80	GCTGAGACGGTGACCCTGTTACTGTTGTCAGTCGT_______	AGAGTGACTGT
102	2	-	19	81	GCTGAGACGGTGACCCTGTTACTGTTGTCAGTCGT_______	AGAGTGACTGT
102	2	-	20	82	GCTGAGACGGTGACCCTGTTACTGTTGTCAGTCGT_______	AGAGTGACTGT
102	2	-	20	82	GCTGAGACGGTGACCCTGTTACTGTTGTCAGTCGT_______	AGAGTGACTGT
102	2	-	18	80	GCTGAGACGGTGACCCTGTTACTGTTGTCAGTCGT_______	AGAGTGACTGT
102	2	-	20	82	GCTGAGACGGTGACCCTGTTACTGTTGTCAGTCGT_______	AGAGTGACTGT
102	2	-	20	62	GCTGAGACGGTGACC___________________________	AGAGTGA____
102	2	-	20	82	GCTGAGACGGTGACCCTGTTACTGTTGTCAGTCGT_______	AGAGTGACTGT
102	2	-	19	47	G_________________________________________	___________
102	2	-	19	61	GCTGAGACGGTGACC___________________________	AGAGTGA____
102	2	-	20	51	GCTG______________________________________	___________
102	2	-	20	82	GCTGAGACGGTGACCCTGTTACTGTTGTCAGTCGT_______	AGAGTGACTGT
102	2	-	20	62	GCTGAGACGGTGACC___________________________	AGAGTGA____
102	2	-	10	52	GCTGAGACGGTGACC___________________________	AGAGTGA____
102	2	-	19	49	GCT_______________________________________	___________
102	2	-	20	62	GCTGAGACGGTGACC___________________________	AGAGTGA____
102	2	-	17	53	GCTGAGACG_________________________________	AGA________
102	2	-	17	48	GCTG______________________________________	___________
102	2	-	20	82	GCTGAGACGGTGACCCTGTTACTGTTGTCAGTCGT_______	AGAGTGACTGT
102	2	-	20	82	GCTGAGACGGTGACCCTGTTACTGTTGTCAGTCGT_______	AGAGTGACTGT
102	2	-	20	82	GCTGAGACGGTGACCCTGTTACTGTTGTCAGTCGT_______	AGAGTGACTGT
102	2	-	20	56	GCTGAGACG_________________________________	AGA________
102	2	-	20	82	GCTGAGACGGTGACCCTGTTACTGTTGTCAGTCGT_______	AGAGTGACTGT
102	2	-	21	52	GCTG______________________________________	___________
102	2	-	25	87	GCTGAGACGGTGACCCTGTTACTGTTGTCAGTCGT_______	AGAGTGACTGT
102	2	-	24	86	GCTGAGACGGTGACCCTGTTACTGTTGTCAGTCGT_______	AGAGTGACTGT
102	2	-	17	53	GCTGAGACG_________________________________	AGA________
102	2	-	20	82	GCTGAGACGGTGACCCTGTTACTGTTGTCAGTCGT_______	AGAGTGACTGT
102	2	-	20	56	GCTGAGACG_________________________________	AGA________
102	2	-	20	82	GCTGAGACGGTGACCCTGTTACTGTTGTCAGTCGT_______	AGAGTGACTGT
102	2	-	20	82	GCTGAGACGGTGACCCTGTTACTGTTGTCAGTCGT_______	AGAGTGACTGT
102	2	-	20	82	GCTGAGACGGTGACCCTGTTACTGTTGTCAGTCGT_______	AGAGTGACTGT
102	2	-	20	82	GCTGAGACGGTGACCCTGTTACTGTTGTCAGTCGT_______	AGAGTGACTGT
102	2	-	19	81	GCTGAGACGGTGACCCTGTTACTGTTGTCAGTCGT_______	AGAGTGACTGT
102	2	-	17	79	GCTGAGACGGTGACCCTGTTACTGTTGTCAGTCGT_______	AGAGTGACTGT
102	2	-	14	76	GCTGAGACGGTGACCCTGTTACTGTTGTCAGTCGT_______	AGAGTGACTGT
102	2	-	22	84	GCTGAGACGGTGACCCTGTTACTGTTGTCAGTCGT_______	AGAGTGACTGT
102	2	-	19	81	GCTGAGACGGTGACCCTGTTACTGTTGTCAGTCGT_______	AGAGTGACTGT
102	2	-	20	82	GCTGAGACGGTGACCCTGTTACTGTTGTCAGTCGT_______	AGAGTGACTGT
102	2	-	20	82	GCTGAGACGGTGACCCTGTTACTGTTGTCAGTCGT_______	AGAGTGACTGT
102	2	-	19	81	GCTGAGACGGTGACCCTGTTACTGTTGTCAGTCGT_______	AGAGTGACTGT
102	2	-	20	82	GCTGAGACGGTGACCCTGTTACTGTTGTCAGTCGT_______	AGAGTGACTGT
102	2	-	19	61	GCTGAGACGGTGACC___________________________	AGAGTGA____
102	2	-	24	86	GCTGAGACGGTGACCCTGTTACTGTTGTCAGTCGT_______	AGAGTGACTGT
102	2	-	24	60	GCTGAGACG_________________________________	AGA________
102	2	-	20	56	GCTGAGACG_________________________________	AGA________
102	2	-	20	62	GCTGAGACGGTGACC___________________________	AGAGTGA____
102	2	-	24	74	GCTGAGACGGTGACCCTGTTACT___________________	AGAGTGACTGT
102	2	-	20	82	GCTGAGACGGTGACCCTGTTACTGTTGTCAGTCGT_______	AGAGTGACTGT
102	2	-	19	61	GCTGAGACGGTGACC___________________________	AGAGTGA____
102	2	-	19	81	GCTGAGACGGTGACCCTGTTACTGTTGTCAGTCGT_______	AGAGTGACTGT
102	2	-	7	49	GCTGAGACGGTGACC___________________________	AGAGTGA____
102	2	-	20	51	GCTG______________________________________	___________
102	2	-	20	62	GCTGAGACGGTGACC___________________________	AGAGTGA____
102	2	-	19	55	GCTGAGACG_________________________________	AGA________
102	2	-	9	71	GCTGAGACGGTGACCCTGTTACTGTTGTCAGTCGT_______	AGAGTGACTGT
102	2	-	20	51	GCTG______________________________________	___________
102	2	-	20	56	GCTGAGACG_________________________________	AGA________
102	2	-	20	82	GCTGAGACGGTGACCCTGTTACTGTTGTCAGTCGT_______	AGAGTGACTGT
102	2	-	20	82	GCTGAGACGGTGACCCTGTTACTGTTGTCAGTCGT_______	AGAGTGACTGT
102	2	-	24	86	GCTGAGACGGTGACCCTGTTACTGTTGTCAGTCGT_______	AGAGTGACTGT
102	2	-	19	50	GCTG______________________________________	___________
102	2	-	20	82	GCTGAGACGGTGACCCTGTTACTGTTGTCAGTCGT_______	AGAGTGACTGT
102	2	-	20	82	GCTGAGACGGTGACCCTGTTACTGTTGTCAGTCGT_______	AGAGTGACTGT
102	2	-	20	51	GCTG______________________________________	___________
102	2	-	9	51	GCTGAGACGGTGACC___________________________	AGAGTGA____
102	2	-	20	82	GCTGAGACGGTGACCCTGTTACTGTTGTCAGTCGT_______	AGAGTGACTGT
102	2	-	20	82	GCTGAGACGGTGACCCTGTTACTGTTGTCAGTCGT_______	AGAGTGACTGT
102	2	-	20	82	GCTGAGACGGTGACCCTGTTACTGTTGTCAGTCGT_______	AGAGTGACTGT
102	2	-	25	75	GCTGAGACGGTGACCCTGTTACT___________________	AGAGTGACTGT
102	2	-	19	50	GCTG______________________________________	___________
102	2	-	20	82	GCTGAGACGGTGACCCTGTTACTGTTGTCAGTCGT_______	AGAGTGACTGT
102	2	-	20	82	GCTGAGACGGTGACCCTGTTACTGTTGTCAGTCGT_______	AGAGTGACTGT
102	2	-	12	54	GCTGAGACGGTGACC___________________________	AGAGTGA____
102	2	-	20	82	GCTGAGACGGTGACCCTGTTACTGTTGTCAGTCGT_______	AGAGTGACTGT
102	2	-	20	82	GCTGAGACGGTGACCCTGTTACTGTTGTCAGTCGT_______	AGAGTGACTGT
102	2	-	19	81	GCTGAGACGGTGACCCTGTTACTGTTGTCAGTCGT_______	AGAGTGACTGT
102	2	-	20	82	GCTGAGACGGTGACCCTGTTACTGTTGTCAGTCGT_______	AGAGTGACTGT
102	2	-	20	62	GCTGAGACGGTGACC___________________________	AGAGTGA____
102	2	-	24	66	GCTGAGACGGTGACC___________________________	AGAGTGA____
102	2	-	18	60	GCTGAGACGGTGACC___________________________	AGAGTGA____
102	2	-	17	59	GCTGAGACGGTGACC___________________________	AGAGTGA____
102	2	-	22	64	GCTGAGACGGTGACC___________________________	AGAGTGA____
102	2	-	20	82	GCTGAGACGGTGACCCTGTTACTGTTGTCAGTCGT_______	AGAGTGACTGT
102	2	-	19	61	GCTGAGACGGTGACC___________________________	AGAGTGA____
102	2	-	7	49	GCTGAGACGGTGACC___________________________	AGAGTGA____
102	2	-	20	51	GCTG______________________________________	___________
102	2	-	19	50	GCTG______________________________________	___________
102	2	-	19	50	GCTG______________________________________	___________
102	2	-	22	72	GCTGAGACGGTGACCCTGTTACT___________________	AGAGTGACTGT
102	2	-	18	60	GCTGAGACGGTGACC___________________________	AGAGTGA____
102	2	-	20	51	GCTG______________________________________	___________
102	2	-	19	81	GCTGAGACGGTGACCCTGTTACTGTTGTCAGTCGT_______	AGAGTGACTGT
102	2	-	19	81	GCTGAGACGGTGACCCTGTTACTGTTGTCAGTCGT_______	AGAGTGACTGT
102	2	-	19	61	GCTGAGACGGTGACC___________________________	AGAGTGA____
102	2	-	20	56	GCTGAGACG_________________________________	AGA________
102	2	-	20	82	GCTGAGACGGTGACCCTGTTACTGTTGTCAGTCGT_______	AGAGTGACTGT
102	2	-	22	84	GCTGAGACGGTGACCCTGTTACTGTTGTCAGTCGT_______	AGAGTGACTGT
102	2	-	21	52	GCTG______________________________________	___________
102	2	-	20	62	GCTGAGACGGTGACC___________________________	AGAGTGA____
102	2	-	20	82	GCTGAGACGGTGACCCTGTTACTGTTGTCAGTCGT_______	AGAGTGACTGT
102	2	-	21	83	GCTGAGACGGTGACCCTGTTACTGTTGTCAGTCGT_______	AGAGTGACTGT
102	2	-	20	82	GCTGAGACGGTGACCCTGTTACTGTTGTCAGTCGT_______	AGAGTGACTGT
102	2	-	20	82	GCTGAGACGGTGACCCTGTTACTGTTGTCAGTCGT_______	AGAGTGACTGT
102	2	-	19	81	GCTGAGACGGTGACCCTGTTACTGTTGTCAGTCGT_______	AGAGTGACTGT
102	2	-	20	62	GCTGAGACGGTGACC___________________________	AGAGTGA____
102	2	-	20	56	GCTGAGACG_________________________________	AGA________
102	2	-	22	53	GCTG______________________________________	___________
102	2	-	19	81	GCTGAGACGGTGACCCTGTTACTGTTGTCAGTCGT_______	AGAGTGACTGT
102	2	-	17	79	GCTGAGACGGTGACCCTGTTACTGTTGTCAGTCGT_______	AGAGTGACTGT
102	2	-	19	61	GCTGAGACGGTGACC___________________________	AGAGTGA____
102	2	-	19	81	GCTGAGACGGTGACCCTGTTACTGTTGTCAGTCGT_______	AGAGTGACTGT
102	2	-	19	50	GCTG______________________________________	___________
102	2	-	20	62	GCTGAGACGGTGACC___________________________	AGAGTGA____
102	2	-	20	56	GCTGAGACG_________________________________	AGA________
102	2	-	20	62	GCTGAGACGGTGACC___________________________	AGAGTGA____
102	2	-	20	62	GCTGAGACGGTGACC___________________________	AGAGTGA____
102	2	-	17	79	GCTGAGACGGTGACCCTGTTACTGTTGTCAGTCGT_______	AGAGTGACTGT
102	2	-	20	82	GCTGAGACGGTGACCCTGTTACTGTTGTCAGTCGT_______	AGAGTGACTGT
102	2	-	20	82	GCTGAGACGGTGACCCTGTTACTGTTGTCAGTCGT_______	AGAGTGACTGT
102	2	-	18	80	GCTGAGACGGTGACCCTGTTACTGTTGTCAGTCGT_______	AGAGTGACTGT
102	2	-	18	80	GCTGAGACGGTGACCCTGTTACTGTTGTCAGTCGT_______	AGAGTGACTGT
102	2	-	24	74	GCTGAGACGGTGACCCTGTTACT___________________	AGAGTGACTGT
102	2	-	18	60	GCTGAGACGGTGACC___________________________	AGAGTGA____
102	2	-	20	62	GCTGAGACGGTGACC___________________________	AGAGTGA____
102	2	-	19	81	GCTGAGACGGTGACCCTGTTACTGTTGTCAGTCGT_______	AGAGTGACTGT
102	2	-	20	62	GCTGAGACGGTGACC___________________________	AGAGTGA____
102	2	-	18	54	GCTGAGACG_________________________________	AGA________
102	2	-	20	82	GCTGAGACGGTGACCCTGTTACTGTTGTCAGTCGT_______	AGAGTGACTGT
102	2	-	12	54	GCTGAGACGGTGACC___________________________	AGAGTGA____
102	2	-	20	82	GCTGAGACGGTGACCCTGTTACTGTTGTCAGTCGT_______	AGAGTGACTGT
102	2	-	12	54	GCTGAGACGGTGACC___________________________	AGAGTGA____
102	2	-	19	50	GCTG______________________________________	___________
102	2	-	20	62	GCTGAGACGGTGACC___________________________	AGAGTGA____
102	2	-	18	80	GCTGAGACGGTGACCCTGTTACTGTTGTCAGTCGT_______	AGAGTGACTGT
102	2	-	20	82	GCTGAGACGGTGACCCTGTTACTGTTGTCAGTCGT_______	AGAGTGACTGT
102	2	-	18	80	GCTGAGACGGTGACCCTGTTACTGTTGTCAGTCGT_______	AGAGTGACTGT
102	2	-	21	83	GCTGAGACGGTGACCCTGTTACTGTTGTCAGTCGT_______	AGAGTGACTGT
102	2	-	19	55	GCTGAGACG_________________________________	AGA________
102	2	-	20	62	GCTGAGACGGTGACC___________________________	AGAGTGA____
102	2	-	19	50	GCTG______________________________________	___________
102	2	-	20	56	GCTGAGACG_________________________________	AGA________
102	2	-	20	82	GCTGAGACGGTGACCCTGTTACTGTTGTCAGTCGT_______	AGAGTGACTGT
102	2	-	20	56	GCTGAGACG_________________________________	AGA________
102	2	-	19	81	GCTGAGACGGTGACCCTGTTACTGTTGTCAGTCGT_______	AGAGTGACTGT
102	2	-	19	81	GCTGAGACGGTGACCCTGTTACTGTTGTCAGTCGT_______	AGAGTGACTGT
102	2	-	20	82	GCTGAGACGGTGACCCTGTTACTGTTGTCAGTCGT_______	AGAGTGACTGT
102	2	-	18	60	GCTGAGACGGTGACC___________________________	AGAGTGA____
102	2	-	20	82	GCTGAGACGGTGACCCTGTTACTGTTGTCAGTCGT_______	AGAGTGACTGT
102	2	-	20	82	GCTGAGACGGTGACCCTGTTACTGTTGTCAGTCGT_______	AGAGTGACTGT
102	2	-	20	82	GCTGAGACGGTGACCCTGTTACTGTTGTCAGTCGT_______	AGAGTGACTGT
102	2	-	18	80	GCTGAGACGGTGACCCTGTTACTGTTGTCAGTCGT_______	AGAGTGACTGT
102	2	-	20	82	GCTGAGACGGTGACCCTGTTACTGTTGTCAGTCGT_______	AGAGTGACTGT
102	2	-	18	80	GCTGAGACGGTGACCCTGTTACTGTTGTCAGTCGT_______	AGAGTGACTGT
102	2	-	20	82	GCTGAGACGGTGACCCTGTTACTGTTGTCAGTCGT_______	AGAGTGACTGT
102	2	-	19	81	GCTGAGACGGTGACCCTGTTACTGTTGTCAGTCGT_______	AGAGTGACTGT
102	2	-	18	80	GCTGAGACGGTGACCCTGTTACTGTTGTCAGTCGT_______	AGAGTGACTGT
102	2	-	14	76	GCTGAGACGGTGACCCTGTTACTGTTGTCAGTCGT_______	AGAGTGACTGT
102	2	-	20	62	GCTGAGACGGTGACC___________________________	AGAGTGA____
102	2	-	19	61	GCTGAGACGGTGACC___________________________	AGAGTGA____
102	2	-	12	74	GCTGAGACGGTGACCCTGTTACTGTTGTCAGTCGT_______	AGAGTGACTGT
102	2	-	19	50	GCTG______________________________________	___________
102	2	-	20	82	GCTGAGACGGTGACCCTGTTACTGTTGTCAGTCGT_______	AGAGTGACTGT
102	2	-	20	62	GCTGAGACGGTGACC___________________________	AGAGTGA____
102	2	-	20	62	GCTGAGACGGTGACC___________________________	AGAGTGA____
102	2	-	19	50	GCTG______________________________________	___________
102	2	-	12	54	GCTGAGACGGTGACC___________________________	AGAGTGA____
102	2	-	20	51	GCTG______________________________________	___________
102	2	-	18	60	GCTGAGACGGTGACC___________________________	AGAGTGA____
102	2	-	18	60	GCTGAGACGGTGACC___________________________	AGAGTGA____
102	2	-	20	82	GCTGAGACGGTGACCCTGTTACTGTTGTCAGTCGT_______	AGAGTGACTGT
102	2	-	22	64	GCTGAGACGGTGACC___________________________	AGAGTGA____
102	2	-	19	61	GCTGAGACGGTGACC___________________________	AGAGTGA____
102	2	-	20	82	GCTGAGACGGTGACCCTGTTACTGTTGTCAGTCGT_______	AGAGTGACTGT
102	2	-	20	51	GCTG______________________________________	___________
102	2	-	22	84	GCTGAGACGGTGACCCTGTTACTGTTGTCAGTCGT_______	AGAGTGACTGT
102	2	-	20	51	GCTG______________________________________	___________
102	2	-	25	67	GCTGAGACGGTGACC___________________________	AGAGTGA____
102	2	-	20	62	GCTGAGACGGTGACC___________________________	AGAGTGA____
102	2	-	20	82	GCTGAGACGGTGACCCTGTTACTGTTGTCAGTCGT_______	AGAGTGACTGT
102	2	-	20	62	GCTGAGACGGTGACC___________________________	AGAGTGA____
102	2	-	20	82	GCTGAGACGGTGACCCTGTTACTGTTGTCAGTCGT_______	AGAGTGACTGT
102	2	-	18	80	GCTGAGACGGTGACCCTGTTACTGTTGTCAGTCGT_______	AGAGTGACTGT
102	2	-	20	56	GCTGAGACG_________________________________	AGA________
102	2	-	24	86	GCTGAGACGGTGACCCTGTTACTGTTGTCAGTCGT_______	AGAGTGACTGT
102	2	-	19	61	GCTGAGACGGTGACC___________________________	AGAGTGA____
102	2	-	20	82	GCTGAGACGGTGACCCTGTTACTGTTGTCAGTCGT_______	AGAGTGACTGT
102	2	-	22	84	GCTGAGACGGTGACCCTGTTACTGTTGTCAGTCGT_______	AGAGTGACTGT
102	2	-	20	62	GCTGAGACGGTGACC___________________________	AGAGTGA____
102	2	-	18	80	GCTGAGACGGTGACCCTGTTACTGTTGTCAGTCGT_______	AGAGTGACTGT
102	2	-	20	82	GCTGAGACGGTGACCCTGTTACTGTTGTCAGTCGT_______	AGAGTGACTGT
102	2	-	20	56	GCTGAGACG_________________________________	AGA________
102	2	-	20	82	GCTGAGACGGTGACCCTGTTACTGTTGTCAGTCGT_______	AGAGTGACTGT
102	2	-	20	62	GCTGAGACGGTGACC___________________________	AGAGTGA____
102	2	-	20	82	GCTGAGACGGTGACCCTGTTACTGTTGTCAGTCGT_______	AGAGTGACTGT
102	2	-	19	81	GCTGAGACGGTGACCCTGTTACTGTTGTCAGTCGT_______	AGAGTGACTGT
102	2	-	18	80	GCTGAGACGGTGACCCTGTTACTGTTGTCAGTCGT_______	AGAGTGACTGT
102	2	-	20	62	GCTGAGACGGTGACC___________________________	AGAGTGA____
102	2	-	20	82	GCTGAGACGGTGACCCTGTTACTGTTGTCAGTCGT_______	AGAGTGACTGT
102	2	-	18	49	GCTG______________________________________	___________
102	2	-	17	59	GCTGAGACGGTGACC___________________________	AGAGTGA____
102	2	-	20	82	GCTGAGACGGTGACCCTGTTACTGTTGTCAGTCGT_______	AGAGTGACTGT
102	2	-	17	53	GCTGAGACG_________________________________	AGA________
102	2	-	20	62	GCTGAGACGGTGACC___________________________	AGAGTGA____
102	2	-	19	81	GCTGAGACGGTGACCCTGTTACTGTTGTCAGTCGT_______	AGAGTGACTGT
102	2	-	19	61	GCTGAGACGGTGACC___________________________	AGAGTGA____
102	2	-	18	80	GCTGAGACGGTGACCCTGTTACTGTTGTCAGTCGT_______	AGAGTGACTGT
102	2	-	20	82	GCTGAGACGGTGACCCTGTTACTGTTGTCAGTCGT_______	AGAGTGACTGT
102	2	-	20	82	GCTGAGACGGTGACCCTGTTACTGTTGTCAGTCGT_______	AGAGTGACTGT
102	2	-	20	82	GCTGAGACGGTGACCCTGTTACTGTTGTCAGTCGT_______	AGAGTGACTGT
102	2	-	19	81	GCTGAGACGGTGACCCTGTTACTGTTGTCAGTCGT_______	AGAGTGACTGT
102	2	-	13	75	GCTGAGACGGTGACCCTGTTACTGTTGTCAGTCGT_______	AGAGTGACTGT
102	2	-	20	62	GCTGAGACGGTGACC___________________________	AGAGTGA____
102	2	-	12	74	GCTGAGACGGTGACCCTGTTACTGTTGTCAGTCGT_______	AGAGTGACTGT
102	2	-	19	61	GCTGAGACGGTGACC___________________________	AGAGTGA____
102	2	-	20	62	GCTGAGACGGTGACC___________________________	AGAGTGA____
102	2	-	20	82	GCTGAGACGGTGACCCTGTTACTGTTGTCAGTCGT_______	AGAGTGACTGT
102	2	-	20	82	GCTGAGACGGTGACCCTGTTACTGTTGTCAGTCGT_______	AGAGTGACTGT
102	2	-	22	72	GCTGAGACGGTGACCCTGTTACT___________________	AGAGTGACTGT
102	2	-	18	80	GCTGAGACGGTGACCCTGTTACTGTTGTCAGTCGT_______	AGAGTGACTGT
102	2	-	20	82	GCTGAGACGGTGACCCTGTTACTGTTGTCAGTCGT_______	AGAGTGACTGT
102	2	-	19	61	GCTGAGACGGTGACC___________________________	AGAGTGA____
102	2	-	20	82	GCTGAGACGGTGACCCTGTTACTGTTGTCAGTCGT_______	AGAGTGACTGT
102	2	-	19	61	GCTGAGACGGTGACC___________________________	AGAGTGA____
102	2	-	25	67	GCTGAGACGGTGACC___________________________	AGAGTGA____
102	2	-	22	84	GCTGAGACGGTGACCCTGTTACTGTTGTCAGTCGT_______	AGAGTGACTGT
102	2	-	20	51	GCTG______________________________________	___________
102	2	-	20	62	GCTGAGACGGTGACC___________________________	AGAGTGA____
102	2	-	22	72	GCTGAGACGGTGACCCTGTTACT___________________	AGAGTGACTGT
102	2	-	20	62	GCTGAGACGGTGACC___________________________	AGAGTGA____
102	2	-	20	51	GCTG______________________________________	___________
102	2	-	24	86	GCTGAGACGGTGACCCTGTTACTGTTGTCAGTCGT_______	AGAGTGACTGT
102	2	-	20	82	GCTGAGACGGTGACCCTGTTACTGTTGTCAGTCGT_______	AGAGTGACTGT
102	2	-	19	81	GCTGAGACGGTGACCCTGTTACTGTTGTCAGTCGT_______	AGAGTGACTGT
102	2	-	20	50	GCT_______________________________________	___________
102	2	-	20	51	GCTG______________________________________	___________
102	2	-	19	61	GCTGAGACGGTGACC___________________________	AGAGTGA____
102	2	-	18	80	GCTGAGACGGTGACCCTGTTACTGTTGTCAGTCGT_______	AGAGTGACTGT
102	2	-	18	54	GCTGAGACG_________________________________	AGA________
102	2	-	18	80	GCTGAGACGGTGACCCTGTTACTGTTGTCAGTCGT_______	AGAGTGACTGT
102	2	-	20	82	GCTGAGACGGTGACCCTGTTACTGTTGTCAGTCGT_______	AGAGTGACTGT
102	2	-	22	72	GCTGAGACGGTGACCCTGTTACT___________________	AGAGTGACTGT
102	2	-	20	51	GCTG______________________________________	___________
102	2	-	20	62	GCTGAGACGGTGACC___________________________	AGAGTGA____
102	2	-	19	61	GCTGAGACGGTGACC___________________________	AGAGTGA____
102	2	-	20	51	GCTG______________________________________	___________
102	2	-	14	50	GCTGAGACG_________________________________	AGA________
102	2	-	22	58	GCTGAGACG_________________________________	AGA________
102	2	-	20	62	GCTGAGACGGTGACC___________________________	AGAGTGA____
102	2	-	20	82	GCTGAGACGGTGACCCTGTTACTGTTGTCAGTCGT_______	AGAGTGACTGT
102	2	-	22	84	GCTGAGACGGTGACCCTGTTACTGTTGTCAGTCGT_______	AGAGTGACTGT
102	2	-	20	82	GCTGAGACGGTGACCCTGTTACTGTTGTCAGTCGT_______	AGAGTGACTGT
102	2	-	19	81	GCTGAGACGGTGACCCTGTTACTGTTGTCAGTCGT_______	AGAGTGACTGT
102	2	-	19	61	GCTGAGACGGTGACC___________________________	AGAGTGA____
102	2	-	12	74	GCTGAGACGGTGACCCTGTTACTGTTGTCAGTCGT_______	AGAGTGACTGT
102	2	-	20	82	GCTGAGACGGTGACCCTGTTACTGTTGTCAGTCGT_______	AGAGTGACTGT
102	2	-	22	84	GCTGAGACGGTGACCCTGTTACTGTTGTCAGTCGT_______	AGAGTGACTGT
102	2	-	21	83	GCTGAGACGGTGACCCTGTTACTGTTGTCAGTCGT_______	AGAGTGACTGT
102	2	-	20	82	GCTGAGACGGTGACCCTGTTACTGTTGTCAGTCGT_______	AGAGTGACTGT
102	2	-	20	82	GCTGAGACGGTGACCCTGTTACTGTTGTCAGTCGT_______	AGAGTGACTGT
102	2	-	22	84	GCTGAGACGGTGACCCTGTTACTGTTGTCAGTCGT_______	AGAGTGACTGT
102	2	-	22	84	GCTGAGACGGTGACCCTGTTACTGTTGTCAGTCGT_______	AGAGTGACTGT
102	2	-	20	62	GCTGAGACGGTGACC___________________________	AGAGTGA____
102	2	-	18	80	GCTGAGACGGTGACCCTGTTACTGTTGTCAGTCGT_______	AGAGTGACTGT
102	2	-	19	50	GCTG______________________________________	___________
102	2	-	20	62	GCTGAGACGGTGACC___________________________	AGAGTGA____
102	2	-	15	46	GCTG______________________________________	___________
102	2	-	20	51	GCTG______________________________________	___________
102	2	-	19	81	GCTGAGACGGTGACCCTGTTACTGTTGTCAGTCGT_______	AGAGTGACTGT
102	2	-	18	80	GCTGAGACGGTGACCCTGTTACTGTTGTCAGTCGT_______	AGAGTGACTGT
102	2	-	20	82	GCTGAGATGGTGACCCTGTTACTGTTGTCAGTCGT_______	AGAGTGACTGT
102	2	-	18	49	GCTG______________________________________	___________
102	2	-	20	51	GCTG______________________________________	___________
102	2	-	20	82	GCTGAGACGGTGACCCTGTTACTGTTGTCAGTCGT_______	AGAGTGACTGT
102	2	-	18	80	GCTGAGACGGTGACCCTGTTACTGTTGTCAGTCGT_______	AGAGTGACTGT
102	2	-	20	62	GCTGAGACGGTGACC___________________________	AGAGTGA____
102	2	-	20	62	GCTGAGACGGTGACC___________________________	AGAGTGA____
102	2	-	20	82	GCTGAGACGGTGACCCTGTTACTGTTGTCAGTCGT_______	AGAGTGACTGT
102	2	-	20	82	GCTGAGACGGTGACCCTGTTACTGTTGTCAGTCGT_______	AGAGTGACTGT
102	2	-	20	82	GCTGAGACGGTGACCCTGTTACTGTTGTCAGTCGT_______	AGAGTGACTGT
102	2	-	20	62	GCTGAGACGGTGACC___________________________	AGAGTGA____
102	2	-	21	83	GCTGAGACGGTGACCCTGTTACTGTTGTCAGTCGT_______	AGAGTGACTGT
102	2	-	20	82	GCTGAGACGGTGACCCTGTTACTGTTGTCAGTCGT_______	AGAGTGACTGT
102	2	-	20	82	GCTGAGACGGTGACCCTGTTACTGTTGTCAGTCGT_______	AGAGTGACTGT
102	2	-	20	51	GCTG______________________________________	___________
102	2	-	25	75	GCTGAGACGGTGACCCTGTTACT___________________	AGAGTGACTGT
102	2	-	18	80	GCTGAGACGGTGACCCTGTTACTGTTGTCAGTCGT_______	AGAGTGACTGT
102	2	-	22	84	GCTGAGACGGTGACCCTGTTACTGTTGTCAGTCGT_______	AGAGTGACTGT
102	2	-	24	86	GCTGAGACGGTGACCCTGTTACTGTTGTCAGTCGT_______	AGAGTGACTGT
102	2	-	20	51	GCTG______________________________________	___________
102	2	-	24	86	GCTGAGACGGTGACCCTGTTACTGTTGTCAGTCGT_______	AGAGTGACTGT
102	2	-	17	79	GCTGAGACGGTGACCCTGTTACTGTTGTCAGTCGT_______	AGAGTGACTGT
102	2	-	20	82	GCTGAGACGGTGACCCTGTTACTGTTGTCAGTCGT_______	AGAGTGACTGT
102	2	-	20	51	GCTG______________________________________	___________
102	2	-	20	82	GCTGAGACGGTGACCCTGTTACTGTTGTCAGTCGT_______	AGAGTGACTGT
102	2	-	20	82	GCTGAGACGGTGACCCTGTTACTGTTGTCAGTCGT_______	AGAGTGACTGT
102	2	-	20	82	GCTGAGACGGTGACCCTGTTACTGTTGTCAGTCGT_______	AGAGTGACTGT
102	2	-	20	62	GCTGAGACGGTGACC___________________________	AGAGTGA____
102	2	-	20	62	GCTGAGACGGTGACC___________________________	AGAGTGA____
102	2	-	19	50	GCTG______________________________________	___________
102	2	-	20	82	GCTGAGACGGTGACCCTGTTACTGTTGTCAGTCGT_______	AGAGTGACTGT
102	2	-	19	81	GCTGAGACGGTGACCCTGTTACTGTTGTCAGTCGT_______	AGAGTGACTGT
102	2	-	20	82	GCTGAGACGGTGACCCTGTTACTGTTGTCAGTCGT_______	AGAGTGACTGT
102	2	-	18	80	GCTGAGACGGTGACCCTGTTACTGTTGTCAGTCGT_______	AGAGTGACTGT
102	2	-	17	79	GCTGAGACGGTGACCCTGTTACTGTTGTCAGTCGT_______	AGAGTGACTGT
102	2	-	20	51	GCTG______________________________________	___________
102	2	-	20	82	GCTGAGACGGTGACCCTGTTACTGTTGTCAGTCGT_______	AGAGTGACTGT
102	2	-	21	57	GCTGAGACG_________________________________	AGA________
102	2	-	20	82	GCTGAGACGGTGACCCTGTTACTGTTGTCAGTCGT_______	AGAGTGACTGT
102	2	-	20	82	GCTGAGACGGTGACCCTGTTACTGTTGTCAGTCGT_______	AGAGTGACTGT
102	2	-	20	82	GCTGAGACGGTGACCCTGTTACTGTTGTCAGTCGT_______	AGAGTGACTGT
102	2	-	20	82	GCTGAGACGGTGACCCTGTTACTGTTGTCAGTCGT_______	AGAGTGACTGT
102	2	-	19	61	GCTGAGACGGTGACC___________________________	AGAGTGA____
102	2	-	18	80	GCTGAGACGGTGACCCTGTTACTGTTGTCAGTCGT_______	AGAGTGACTGT
102	2	-	20	62	GCTGAGACGGTGACC___________________________	AGAGTGA____
102	2	-	20	82	GCTGAGACGGTGACCCTGTTACTGTTGTCAGTCGT_______	AGAGTGACTGT
102	2	-	20	62	GCTGAGACGGTGACC___________________________	AGAGTGA____
102	2	-	17	48	GCTG______________________________________	___________
102	2	-	20	62	GCTGAGACGGTGACC___________________________	AGAGTGA____
102	2	-	20	51	GCTG______________________________________	___________
102	2	-	22	53	GCTG______________________________________	___________
102	2	-	18	80	GCTGAGACGGTGACCCTGTTACTGTTGTCAGTCGT_______	AGAGTGACTGT
102	2	-	24	66	GCTGAGACGGTGACC___________________________	AGAGTGA____
102	2	-	22	84	GCTGAGACGGTGACCCTGTTACTGTTGTCAGTCGT_______	AGAGTGACTGT
102	2	-	22	72	GCTGAGACGGTGACCCTGTTACT___________________	AGAGTGACTGT
102	2	-	18	60	GCTGAGACGGTGACC___________________________	AGAGTGA____
102	2	-	18	80	GCTGAGACGGTGACCCTGTTACTGTTGTCAGTCGT_______	AGAGTGACTGT
102	2	-	20	51	GCTG______________________________________	___________
102	2	-	20	82	GCTGAGACGGTGACCCTGTTACTGTTGTCAGTCGT_______	AGAGTGACTGT
102	2	-	22	72	GCTGAGACGGTGACCCTGTTACT___________________	AGAGTGACTGT
102	2	-	19	81	GCTGAGACGGTGACCCTGTTACTGTTGTCAGTCGT_______	AGAGTGACTGT
102	2	-	19	81	GCTGAGACGGTGACCCTGTTACTGTTGTCAGTCGT_______	AGAGTGACTGT
102	2	-	19	61	GCTGAGACGGTGACC___________________________	AGAGTGA____
102	2	-	19	81	GCTGAGACGGTGACCCTGTTACTGTTGTCAGTCGT_______	AGAGTGACTGT
102	2	-	19	50	GCTG______________________________________	___________
102	2	-	18	54	GCTGAAACG_________________________________	AAA________
102	2	-	19	61	GCTGAGACGGTGACC___________________________	AGAGTGA____
102	2	-	6	68	GCTGAGACGGTGACCCTGTTACTGTTGTCAGTCGT_______	AGAGTGACTGT
102	2	-	19	61	GCTGAGACGGTGACC___________________________	AGAGTGA____
102	2	-	19	81	GCTGAGACGGTGACCCTGTTACTGTTGTCAGTCGT_______	AGAGTGACTGT
102	2	-	19	81	GCTGAGACGGTGACCCTGTTACTGTTGTCAGTCGT_______	AGAGTGACTGT
102	2	-	20	82	GCTGAGACGGTGACCCTGTTACTGTTGTCAGTCGT_______	AGAGTGACTGT
102	2	-	23	73	GCTGAGACGGTGACCCTGTTACT___________________	AGAGTGACTGT
102	2	-	20	82	GCTGAGACGGTGACCCTGTTACTGTTGTCAGTCGT_______	AGAGTGACTGT
102	2	-	22	84	GCTGAGACGGTGACCCTGTTACTGTTGTCAGTCGT_______	AGAGTGACTGT
102	2	-	20	51	GCTG______________________________________	___________
102	2	-	20	82	GCTGAGACGGTGACCCTGTTACTGTTGTCAGTCGT_______	AGAGTGACTGT
102	2	-	18	80	GCTGAGACGGTGACCCTGTTACTGTTGTCAGTCGT_______	AGAGTGACTGT
102	2	-	22	84	GCTGAGACGGTGACCCTGTTACTGTTGTCAGTCGT_______	AGAGTGACTGT
102	2	-	19	55	GCTGAGACG_________________________________	AGA________
102	2	-	19	81	GCTGAGACGGTGACCCTGTTACTGTTGTCAGTCGT_______	AGAGTGACTGT
102	2	-	20	82	GCTGAGACGGTGACCCTGTTACTGTTGTCAGTCGT_______	AGAGTGACTGT
102	2	-	18	60	GCTGAGACGGTGACC___________________________	AGAGTGA____
102	2	+	20	82	GCTGAGACGGTGACCCTGTTACTGTTGTCAGTCGT_______	AGAGTGACTGT
102	2	+	18	54	GCTGAGACG_________________________________	AGA________
102	2	+	18	80	GCTGAGACGGTGACCCTGTTACTGTTGTCAGTCGT_______	AGAGTGACTGT
102	2	+	13	55	GCTGAGACGGTGACC___________________________	AGAGTGA____
102	2	+	20	62	GCTGAGACGGTGACC___________________________	AGAGTGA____
102	2	+	20	62	GCTGAGACGGTGACC___________________________	AGAGTGA____
102	2	+	20	62	GCTGAGACGGTGACC___________________________	AGAGTGA____
102	2	+	18	80	GCTGAGACGGTGACCCTGTTACTGTTGTCAGTCGT_______	AGAGTGACTGT
102	2	+	20	82	GCTGAGACGGTGACCCTGTTACTGTTGTCAGTCGT_______	AGAGTGACTGT
102	2	+	20	82	GCTGAGACGGTGACCCTGTTACTGTTGTCAGTCGT_______	AGAGTGACTGT
102	2	+	17	79	GCTGAGACGGTGACCCTGTTACTGTTGTCAGTCGT_______	AGAGTGACTGT
102	2	+	18	80	GCTGAGACGGTGACCCTGTTACTGTTGTCAGTCGT_______	AGAGTGACTGT
102	2	+	19	81	GCTGAGACGGTGACCCTGTTACTGTTGTCAGTCGT_______	AGAGTGACTGT
102	2	+	19	61	GCTGAGACGGTGACC___________________________	AGAGTGA____
102	2	+	18	60	GCTGAGACGGTGACC___________________________	AGAGTGA____
102	2	+	18	80	GCTGAGACGGTGACCCTGTTACTGTTGTCAGTCGT_______	AGAGTGACTGT
102	2	+	20	82	GCTGAGACGGTGACCCTGTTACTGTTGTCAGTCGT_______	AGAGTGACTGT
102	2	+	19	61	GCTGAGACGGTGACC___________________________	AGAGTGA____
102	2	+	20	51	GCTG______________________________________	___________
102	2	+	20	82	GCTGAGACGGTGACCCTGTTACTGTTGTCAGTCGT_______	AGAGTGACTGT
102	2	+	22	72	GCTGAGACGGTGACCCTGTTACT___________________	AGAGTGACTGT
102	2	+	20	82	GCTGAGACGGTGACCCTGTTACTGTTGTCAGTCGT_______	AGAGTGACTGT
102	2	+	20	82	GCTGAGACGGTGACCCTGTTACTGTTGTCAGTCGT_______	AGAGTGACTGT
102	2	+	19	81	GCTGAGACGGTGACCCTGTTACTGTTGTCAGTCGT_______	AGAGTGACTGT
102	2	+	22	84	GCTGAGACGGTGACCCTGTTACTGTTGTCAGTCGT_______	AGAGTGACTGT
102	2	+	20	82	GCTGAGACGGTGACCCTGTTACTGTTGTCAGTCGT_______	AGAGTGACTGT
102	2	+	18	80	GCTGAGACGGTGACCCTGTTACTGTTGTCAGTCGT_______	AGAGTGACTGT
102	2	+	20	82	GCTGAGACGGTGACCCTGTTACTGTTGTCAGTCGT_______	AGAGTGACTGT
102	2	+	20	62	GCTGAGACGGTGACC___________________________	AGAGTGA____
102	2	+	22	72	GCTGAGACGGTGACCCTGTTACT___________________	AGAGTGACTGT
102	2	+	19	81	GCTGAGACGGTGACCCTGTTACTGTTGTCAGTCGT_______	AGAGTGACTGT
102	2	+	20	82	GCTGAGACGGTGACCCTGTTACTGTTGTCAGTCGT_______	AGAGTGACTGT
102	2	+	22	84	GCTGAGACGGTGACCCTGTTACTGTTGTCAGTCGT_______	AGAGTGACTGT
102	2	+	20	62	GCTGAGACGGTGACC___________________________	AGAGTGA____
102	2	+	20	56	GCTGAGACG_________________________________	AGA________
102	2	+	20	51	GCTG______________________________________	___________
102	2	+	20	62	GCTGAGACGGTGACC___________________________	AGAGTGA____
102	2	+	24	86	GCTGAGACGGTGACCCTGTTACTGTTGTCAGTCGT_______	AGAGTGACTGT
102	2	+	20	51	GCTG______________________________________	___________
102	2	+	20	62	GCTGAGACGGTGACC___________________________	AGAGTGA____
102	2	+	19	81	GCTGAGACGGTGACCCTGTTACTGTTGTCAGTCGT_______	AGAGTGACTGT
102	2	+	19	81	GCTGAGACGGTGACCCTGTTACTGTTGTCAGTCGT_______	AGAGTGACTGT
102	2	+	14	76	GCTGAGACGGTGACCCTGTTACTGTTGTCAGTCGT_______	AGAGTGACTGT
102	2	+	25	75	GCTGAGACGGTGACCCTGTTACT___________________	AGAGTGACTGT
102	2	+	20	62	GCTGAGACGGTGACC___________________________	AGAGTGA____
102	2	+	19	61	GCTGAGACGGTGACC___________________________	AGAGTGA____
102	2	+	13	75	GCTGAGACGGTGACCCTGTTACTGTTGTCAGTCGT_______	AGAGTGACTGT
102	2	+	19	61	GCTGAGACGGTGACC___________________________	AGAGTGA____
102	2	+	20	62	GCTGAGACGGTGACC___________________________	AGAGTGA____
102	2	+	17	53	GCTGAGACG_________________________________	AGA________
102	2	+	20	62	GCTGAGACGGTGACC___________________________	AGAGTGA____
102	2	+	19	50	GCTG______________________________________	___________
102	2	+	19	50	GCTG______________________________________	___________
102	2	+	19	50	GCTG______________________________________	___________
102	2	+	19	50	GCTG______________________________________	___________
102	2	+	20	82	GCTGAGACGGTGACCCTGTTACTGTTGTCAGTCGT_______	AGAGTGACTGT
102	2	+	19	81	GCTGAGACGGTGACCCTGTTACTGTTGTCAGTCGT_______	AGAGTGACTGT
102	2	+	20	195	GCTGAGACGGTGACCCTGTTACTGTTTCAGTCGTTATTATGA	AGAGTGACTGT
102	2	+	19	81	GCTGAGACGGTGACCCTGTTACTGTTGTCAGTCGT_______	AGAGTGACTGT
102	2	+	20	82	GCTGAGACGGTGACCCTGTTACTGTTGTCAGTCGT_______	AGAGTGACTGT
102	2	+	20	82	GCTGAGACGGTGACCCTGTTACTGTTGTCAGTCGT_______	AGAGTGACTGT
102	2	+	20	51	GCTG______________________________________	___________
102	2	+	19	81	GCTGAGACGGTGACCCTGTTACTGTTGTCAGTCGT_______	AGAGTGACTGT
102	2	+	20	82	GCTGAGACGGTGACCCTGTTACTGTTGTCAGTCGT_______	AGAGTGACTGT
102	2	+	20	82	GCTGAGACGGTGACCCTGTTACTGTTGTCAGTCGT_______	AGAGTGACTGT
102	2	+	18	54	GCTGAGACG_________________________________	AGA________
102	2	+	20	82	GCTGAGACGGTGACCCTGTTACTGTTGTCAGTCGT_______	AGAGTGACTGT
102	2	+	20	82	GCTGAGACGGTGACCCTGTTACTGTTGTCAGTCGT_______	AGAGTGACTGT
102	2	+	20	82	GCTGAGACGGTGACCCTGTTACTGTTGTCAGTCGT_______	AGAGTGACTGT
102	2	+	20	62	GCTGAGACGGTGACC___________________________	AGAGTGA____
102	2	+	20	70	GCTGAGACGGTGACCCTGTTACT___________________	AGAGTGACTGT
102	2	+	14	76	GCTGAGACGGTGACCCTGTTACTGTTGTCAGTCGT_______	AGAGTGACTGT
102	2	+	20	82	GCTGAGACGGTGACCCTGTTACTGTTGTCAGTCGT_______	AGAGTGACTGT
102	2	+	24	86	GCTGAGACGGTGACCCTGTTACTGTTGTCAGTCGT_______	AGAGTGACTGT
102	2	+	20	56	GCTGAGACG_________________________________	AGA________
102	2	+	22	64	GCTGAGACGGTGACC___________________________	AGAGTGA____
102	2	+	20	82	GCTGAGACGGTGACCCTGTTACTGTTGTCAGTCGT_______	AGAGTGACTGT
102	2	+	18	80	GCTGAGACGGTGACCCTGTTACTGTTGTCAGTCGT_______	AGAGTGACTGT
102	2	+	20	56	GCTGAGACG_________________________________	AGA________
102	2	+	14	56	GCTGAGACGGTGACC___________________________	AGAGTGA____
102	2	+	22	64	GCTGAGACGGTGACC___________________________	AGAGTGA____
102	2	+	21	83	GCTGAGACGGTGACCCTGTTACTGTTGTCAGTCGT_______	AGAGTGACTGT
102	2	+	19	81	GCTGAGACGGTGACCCTGTTACTGTTGTCAGTCGT_______	AGAGTGACTGT
102	2	+	20	82	GCTGAGACGGTGACCCTGTTACTGTTGTCAGTCGT_______	AGAGTGACTGT
102	2	+	19	61	GCTGAGACGGTGACC___________________________	AGAGTGA____
102	2	+	20	82	GCTGAGACGGTGACCCTGTTACTGTTGTCAGTCGT_______	AGAGTGACTGT
102	2	+	18	60	GCTGAGACGGTGACC___________________________	AGAGTGA____
102	2	+	20	82	GCTGAGACGGTGACCCTGTTACTGTTGTCAGTCGT_______	AGAGTGACTGT
102	2	+	17	59	GCTGAGACGGTGACC___________________________	AGAGTGA____
102	2	+	20	82	GCTGAGACGGTGACCCTGTTACTGTTGTCAGTCGT_______	AGAGTGACTGT
102	2	+	20	82	GCTGAGACGGTGACCCTGTTACTGTTGTCAGTCGT_______	AGAGTGACTGT
102	2	+	20	82	GCTGAGACGGTGACCCTGTTACTGTTGTCAGTCGT_______	AGAGTGACTGT
102	2	+	20	62	GCTGAGACGGTGACC___________________________	AGAGTGA____
102	2	+	22	53	GCTG______________________________________	___________
102	2	+	22	84	GCTGAGACGGTGACCCTGTTACTGTTGTCAGTCGT_______	AGAGTGACTGT
102	2	+	20	82	GCTGAGACGGTGACCCTGTTACTGTTGTCAGTCGT_______	AGAGTGACTGT
102	2	+	24	74	GCTGAGACGGTGACCCTGTTACT___________________	AGAGTGACTGT
102	2	+	18	60	GCTGAGACGGTGACC___________________________	AGAGTGA____
102	2	+	18	60	GCTGAGACGGTGACC___________________________	AGAGTGA____
102	2	+	20	62	GCTGAGACGGTGACC___________________________	AGAGTGA____
102	2	+	20	62	GCTGAGACGGTGACC___________________________	AGAGTGA____
102	2	+	20	82	GCTGAGACGGTGACCCTGTTACTGTTGTCAGTCGT_______	AGAGTGACTGT
102	2	+	20	82	GCTGAGACGGTGACCCTGTTACTGTTGTCAGTCGT_______	AGAGTGACTGT
102	2	+	17	59	GCTGAGACGGTGACC___________________________	AGAGTGA____
102	2	+	20	82	GCTGAGACGGTGACCCTGTTACTGTTGTCAGTCGT_______	AGAGTGACTGT
102	2	+	20	62	GCTGAGACGGTGACC___________________________	AGAGTGA____
102	2	+	20	82	GCTGAGACGGTGACCCTGTTACTGTTGTCAGTCGT_______	AGAGTGACTGT
102	2	+	19	61	GCTGAGACGGTGACC___________________________	AGAGTGA____
102	2	+	20	62	GCTGAGACGGTGACC___________________________	AGAGTGA____
102	2	+	20	62	GCTGAGACGGTGACC___________________________	AGAGTGA____
102	2	+	20	82	GCTGAGACGGTGACCCTGTTACTGTTGTCAGTCGT_______	AGAGTGACTGT
102	2	+	20	62	GCTGAGACGGTGACC___________________________	AGAGTGA____
102	2	+	20	56	GCTGAGACG_________________________________	AGA________
102	2	+	20	62	GCTGAGACGGTGACC___________________________	AGAGTGA____
102	2	+	19	50	GCTG______________________________________	___________
102	2	+	20	82	GCTGAGACGGTGACCCTGTTACTGTTGTCAGTCGT_______	AGAGTGACTGT
102	2	+	19	55	GCTGAGACG_________________________________	AGA________
102	2	+	17	59	GCTGAGACGGTGACC___________________________	AGAGTGA____
102	2	+	21	196	GCTGAGACGGTGACCCTGTTACTGTTGTCAGTCGTTATATGA	AGAGTGACTGT
102	2	+	20	56	GCTGAGACG_________________________________	AGA________
102	2	+	20	56	GCTGAGACG_________________________________	AGA________
102	2	+	20	82	GCTGAGACGGTGACCCTGTTACTGTTGTCAGTCGT_______	AGAGTGACTGT
102	2	+	20	82	GCTGAGACGGTGACCCTGTTACTGTTGTCAGTCGT_______	AGAGTGACTGT
102	2	+	18	80	GCTGAGACGGTGACCCTGTTACTGTTGTCAGTCGT_______	AGAGTGACTGT
102	2	+	20	82	GCTGAGACGGTGACCCTGTTACTGTTGTCAGTCGT_______	AGAGTGACTGT
102	2	+	18	80	GCTGAGACGGTGACCCTGTTACTGTTGTCAGTCGT_______	AGAGTGACTGT
102	2	+	22	84	GCTGAGACGGTGACCCTGTTACTGTTGTCAGTCGT_______	AGAGTGACTGT
102	2	+	20	62	GCTGAGACGGTGACC___________________________	AGAGTGA____
102	2	+	20	56	GCTGAGACG_________________________________	AGA________
102	2	+	22	72	GCTGAGACGGTGACCCTGTTACT___________________	AGAGTGACTGT
102	2	+	20	56	GCTGAGACG_________________________________	AGA________
102	2	+	20	82	GCTGAGACGGTGACCCTGTTACTGTTGTCAGTCGT_______	AGAGTGACTGT
102	2	+	20	82	GCTGAGACGGTGACCCTGTTACTGTTGTCAGTCGT_______	AGAGTGACTGT
102	2	+	9	71	GCTGAGACGGTGACCCTGTTACTGTTGTCAGTCGT_______	AGAGTGACTGT
102	2	+	22	84	GCTGAGACGGTGACCCTGTTACTGTTGTCAGTCGT_______	AGAGTGACTGT
102	2	+	21	63	GCTGAGACGGTGACC___________________________	AGAGTGA____
102	2	+	22	84	GCTGAGACGGTGACCCTGTTACTGTTGTCAGTCGT_______	AGAGTGACTGT
102	2	+	19	50	GCTG______________________________________	___________
102	2	+	20	62	GCTGAGACGGTGACC___________________________	AGAGTGA____
102	2	+	20	62	GCTGAGACGGTGACC___________________________	AGAGTGA____
102	2	+	21	83	GCTGAGACGGTGACCCTGTTACTGTTGTCAGTCGT_______	AGAGTGACTGT
102	2	+	20	82	GCTGAGACGGTGACCCTGTTACTGTTGTCAGTCGT_______	AGAGTGACTGT
102	2	+	20	62	GCTGAGACGGTGACC___________________________	AGAGTGA____
102	2	+	20	82	GCTGAGACGGTGACCCTGTTACTGTTGTCAGTCGT_______	AGAGTGACTGT
102	2	+	20	82	GCTGAGACGGTGACCCTGTTACTGTTGTCAGTCGT_______	AGAGTGACTGT
102	2	+	19	61	GCTGAGACGGTGACC___________________________	AGAGTGA____
102	2	+	17	48	GCTG______________________________________	___________
102	2	+	19	81	GCTGAGACGGTGACCCTGTTACTGTTGTCAGTCGT_______	AGAGTGACTGT
102	2	+	20	82	GCTGAGACGGTGACCCTGTTACTGTTGTCAGTCGT_______	AGAGTGACTGT
102	2	+	20	51	GCTG______________________________________	___________
102	2	+	20	82	GCTGAGACGGTGACCCTGTTACTGTTGTCAGTCGT_______	AGAGTGACTGT
102	2	+	17	59	GCTGAGACGGTGACC___________________________	AGAGTGA____
102	2	+	20	82	GCTGAGACGGTGACCCTGTTACTGTTGTCAGTCGT_______	AGAGTGACTGT
102	2	+	18	49	GCTG______________________________________	___________
102	2	+	20	82	GCTGAGACGGTGACCCTGTTACTGTTGTCAGTCGT_______	AGAGTGACTGT
102	2	+	17	79	GCTGAGACGGTGACCCTGTTACTGTTGTCAGTCGT_______	AGAGTGACTGT
102	2	+	22	84	GCTGAGACGGTGACCCTGTTACTGTTGTCAGTCGT_______	AGAGTGACTGT
102	2	+	20	62	GCTGAGACGGTGACC___________________________	AGAGTGA____
102	2	+	18	80	GCTGAGACGGTGACCCTGTTACTGTTGTCAGTCGT_______	AGAGTGACTGT
102	2	+	20	56	GCTGAGACG_________________________________	AGA________
102	2	+	18	80	GCTGAGACGGTGACCCTGTTACTGTTGTCAGTCGT_______	AGAGTGACTGT
102	2	+	19	61	GCTGAGACGGTGACC___________________________	AGAGTGA____
102	2	+	20	51	GCTG______________________________________	___________
102	2	+	20	82	GCTGAGACGGTGACCCTGTTACTGTTGTCAGTCGT_______	AGAGTGACTGT
102	2	+	12	74	GCTGAGACGGTGACCCTGTTACTGTTGTCAGTCGT_______	AGAGTGACTGT
102	2	+	19	81	GCTGAGACGGTGACCCTGTTACTGTTGTCAGTCGT_______	AGAGTGACTGT
102	2	+	20	56	GCTGAGACG_________________________________	AGA________
102	2	+	20	51	GCTG______________________________________	___________
102	2	+	20	82	GCTGAGACGGTGACCCTGTTACTGTTGTCAGTCGT_______	AGAGTGACTGT
102	2	+	19	61	GCTGAGACGGTGACC___________________________	AGAGTGA____
102	2	+	20	82	GCTGAGACGGTGACCCTGTTACTGTTGTCAGTCGT_______	AGAGTGACTGT
102	2	+	24	60	GCTGAGACG_________________________________	AGA________
102	2	+	20	82	GCTGAGACGGTGACCCTGTTACTGTTGTCAGTCGT_______	AGAGTGACTGT
102	2	+	22	84	GCTGAGACGGTGACCCTGTTACTGTTGTCAGTCGT_______	AGAGTGACTGT
102	2	+	17	53	GCTGAGACG_________________________________	AGA________
102	2	+	14	76	GCTGAGACGGTGACCCTGTTACTGTTGTCAGTCGT_______	AGAGTGACTGT
102	2	+	20	82	GCTGAGACGGTGACCCTGTTACTGTTGTCAGTCGT_______	AGAGTGACTGT
102	2	+	19	50	GCTG______________________________________	___________
102	2	+	21	83	GCTGAGACGGTGACCCTGTTACTGTTGTCAGTCGT_______	AGAGTGACTGT
102	2	+	20	50	GCT_______________________________________	___________
102	2	+	19	81	GCTGAGACGGTGACCCTGTTACTGTTGTCAGTCGT_______	AGAGTGACTGT
102	2	+	9	51	GCTGAGACGGTGACC___________________________	AGAGTGA____
102	2	+	20	56	GCTGAGACG_________________________________	AGA________
102	2	+	20	82	GCTGAGACGGTGACCCTGTTACTGTTGTCAGTCGT_______	AGAGTGACTGT
102	2	+	20	62	GCTGAGACGGTGACC___________________________	AGAGTGA____
102	2	+	20	49	GC________________________________________	___________
102	2	+	19	61	GCTGAGACGGTGACC___________________________	AGAGTGA____
102	2	+	19	81	GCTGAGACGGTGACCCTGTTACTGTTGTCAGTCGT_______	AGAGTGACTGT
102	2	+	19	81	GCTGAGACGGTGACCCTGTTACTGTTGTCAGTCGT_______	AGAGTGACTGT
102	2	+	20	62	GCTGAGACGGTGACC___________________________	AGAGTGA____
102	2	+	20	82	GCTGAGACGGTGACCCTGTTACTGTTGTCAGTCGT_______	AGAGTGACTGT
102	2	+	19	81	GCTGAGACGGTGACCCTGTTACTGTTGTCAGTCGT_______	AGAGTGACTGT
102	2	+	20	82	GCTGAGACGGTGACCCTGTTACTGTTGTCAGTCGT_______	AGAGTGACTGT
102	2	+	20	82	GCTGAGACGGTGACCCTGTTACTGTTGTCAGTCGT_______	AGAGTGACTGT
102	2	+	20	82	GCTGAGACGGTGACCCTGTTACTGTTGTCAGTCGT_______	AGAGTGACTGT
102	2	+	20	82	GCTGAGACGGTGACCCTGTTACTGTTGTCAGTCGT_______	AGAGTGACTGT
102	2	+	19	81	GCTGAGACGGTGACCCTGTTACTGTTGTCAGTCGT_______	AGAGTGACTGT
102	2	+	19	81	GCTGAGACGGTGACCCTGTTACTGTTGTCAGTCGT_______	AGAGTGACTGT
102	2	+	18	54	GCTGAGACG_________________________________	AGA________
102	2	+	16	78	GCTGAGACGGTGACCCTGTTACTGTTGTCAGTCGT_______	AGAGTGACTGT
102	2	+	24	60	GCTGAGACG_________________________________	AGA________
102	2	+	20	62	GCTGAGACGGTGACC___________________________	AGAGTGA____
102	2	+	19	61	GCTGAGACGGTGACC___________________________	AGAGTGA____
102	2	+	20	62	GCTGAGACGGTGACC___________________________	AGAGTGA____
102	2	+	22	64	GCTGAGACGGTGACC___________________________	AGAGTGA____
102	2	+	19	81	GCTGAGACGGTGACCCTGTTACTGTTGTCAGTCGT_______	AGAGTGACTGT
102	2	+	19	55	GCTGAGACG_________________________________	AGA________
102	2	+	17	79	GCTGAGACGGTGACCCTGTTACTGTTGTCAGTCGT_______	AGAGTGACTGT
102	2	+	24	86	GCTGAGACGGTGACCCTGTTACTGTTGTCAGTCGT_______	AGAGTGACTGT
102	2	+	20	82	GCTGAGACGGTGACCCTGTTACTGTTGTCAGTCGT_______	AGAGTGACTGT
102	2	+	17	79	GCTGAGACGGTGACCCTGTTACTGTTGTCAGTCGT_______	AGAGTGACTGT
102	2	+	20	82	GCTGAGACGGTGACCCTGTTACTGTTGTCAGTCGT_______	AGAGTGACTGT
102	2	+	18	80	GCTGAGACGGTGACCCTGTTACTGTTGTCAGACGT_______	AGAGTGACTGT
102	2	+	18	148	GCTGAGACGGTGACCCTGTTACTGTGTCAGTCGTTATTATGA	AGAGTGACTGT
102	2	+	19	61	GCTGAGACGGTGACC___________________________	AGAGTGA____
102	2	+	19	76	GCTGAGACGGTGACCCTGTTACTGTTGTCA____________	AGAGTGACTGT
102	2	+	20	51	GCTG______________________________________	___________
102	2	+	9	182	GCTGAGACGGTGACCCTGTTACTGTTGTCAGTCGTATTATGA	AGAGTGACTGT
102	2	+	19	81	GCTGAGACGGTGACCCTGTTACTGTTGTCAGTCGT_______	AGAGTGACTGT
102	2	+	20	56	GCTGAGACG_________________________________	AGA________
102	2	+	20	82	GCTGAGACGGTGACCCTGTTACTGTTGTCAGTCGT_______	AGAGTGACTGT
102	2	+	20	62	GCTGAGACGGTGACC___________________________	AGAGTGA____
102	2	+	14	50	GCTGAGACG_________________________________	AGA________
102	2	+	14	76	GCTGAGACGGTGACCCTGTTACTGTTGTCAGTCGT_______	AGAGTGACTGT
102	2	+	18	49	GCTG______________________________________	___________
102	2	+	20	51	GCTG______________________________________	___________
102	2	+	18	80	GCTGAGACGGTGACCCTGTTACTGTTGTCAGTCGT_______	AGAGTGACTGT
102	2	+	24	74	GCTGAGACGGTGACCCTGTTACT___________________	AGAGTGACTGT
102	2	+	20	82	GCTGAGACGGTGACCCTGTTACTGTTGTCAGTCGT_______	AGAGTGACTGT
102	2	+	20	56	GCTGAGACG_________________________________	AGA________
102	2	+	20	82	GCTGAGACGGTGACCCTGTTACTGTTGTCAGTCGT_______	AGAGTGACTGT
102	2	+	19	61	GCTGAGACGGTGACC___________________________	AGAGTGA____
102	2	+	20	82	GCTGAGACGGTGACCCTGTTACTGTTGTCAGTCGT_______	AGAGTGACTGT
102	2	+	19	55	GCTGAGACG_________________________________	AGA________
102	2	+	14	56	GCTGAGACGGTGACC___________________________	AGAGTGA____
102	2	+	20	82	GCTGAGACGGTGACCCTGTTACTGTTGTCAGTCGT_______	AGAGTGACTGT
102	2	+	18	80	GCTGAGACGGTGACCCTGTTACTGTTGTCAGTCGT_______	AGAGTGACTGT
102	2	+	18	60	GCTGAGACGGTGACC___________________________	AGAGTGA____
102	2	+	22	84	GCTGAGACGGTGACCCTGTTACTGTTGTCAGTCGT_______	AGAGTGACTGT
102	2	+	19	61	GCTGAGACGGTGACC___________________________	AGAGTGA____
102	2	+	18	60	GCTGAGACGGTGACC___________________________	AGAGTGA____
102	2	+	18	80	GCTGAGACGGTGACCCTGTTACTGTTGTCAGTCGT_______	AGAGTGACTGT
102	2	+	20	56	GCTGAGACG_________________________________	AGA________
102	2	+	20	82	GCTGAGACGGTGACCCTGTTACTGTTGTCAGTCGT_______	AGAGTGACTGT
102	2	+	12	54	GCTGAGACGGTGACC___________________________	AGAGTGA____
102	2	+	19	81	GCTGAGACGGTGACCCTGTTACTGTTGTCAGTCGT_______	AGAGTGACTGT
102	2	+	18	60	GCTGAGACGGTGACC___________________________	AGAGTGA____
102	2	+	20	62	GCTGAGACGGTGACC___________________________	AGAGTGA____
102	2	+	20	51	GCTG______________________________________	___________
102	2	+	18	80	GCTGAGACGGTGACCCTGTTACTGTTGTCAGTCGT_______	AGAGTGACTGT
102	2	+	17	59	GCTGAGACGGTGACC___________________________	AGAGTGA____
102	2	+	19	81	GCTGAGACGGTGACCCTGTTACTGTTGTCAGTCGT_______	AGAGTGACTGT
102	2	+	19	55	GCTGAGACG_________________________________	AGA________
102	2	+	20	82	GCTGAGACGGTGACCCTGTTACTGTTGTCAGTCGT_______	AGAGTGACTGT
102	2	+	20	195	GCTGAGACGGTGACCCTGTTCTGTTGTCAGTCGTTATTATGA	AGAGTGACTGT
102	2	+	9	71	GCTGAGACGGTGACCCTGTTACTGTTGTCAGTCGT_______	AGAGTGACTGT
102	2	+	21	83	GCTGAGACGGTGACCCTGTTACTGTTGTCAGTCGT_______	AGAGTGACTGT
102	2	+	20	51	GCTG______________________________________	___________
102	2	+	20	51	GCTG______________________________________	___________
102	2	+	22	72	GCTGAGACGGTGACCCTGTTACT___________________	AGAGTGACTGT
102	2	+	20	51	GCTG______________________________________	___________
102	2	+	19	61	GCTGAGACGGTGACC___________________________	AGAGTGA____
102	2	+	20	82	GCTGAGACGGTGACCCTGTTACTGTTGTCAGTCGT_______	AGAGTGACTGT
102	2	+	19	55	GCTGAGACG_________________________________	AGA________
102	2	+	19	81	GCTGAGACGGTGACCCTGTTACTGTTGTCAGTCGT_______	AGAGTGACTGT
102	2	+	21	83	GCTGAGACGGTGACCCTGTTACTGTTGTCAGTCGT_______	AGAGTGACTGT
102	2	+	20	82	GCTGAGACGGTGACCCTGTTACTGTTGTCAGTCGT_______	AGAGTGACTGT
102	2	+	20	62	GCTGAGACGGTGACC___________________________	AGAGTGA____
102	2	+	20	62	GCTGAGACGGTGACC___________________________	AGAGTGA____
102	2	+	19	55	GCTGAGACG_________________________________	AGA________
102	2	+	18	145	GCTGAGACGGTGACCCTGTTACGTTGTCAGTCGTTATTATGA	AGAGTGACTGT
102	2	+	19	81	GCTGAGACGGTGACCCTGTTACTGTTGTCAGTCGT_______	AGAGTGACTGT
102	2	+	19	61	GCTGAGACGGTGACC___________________________	AGAGTGA____
102	2	+	20	82	GCTGAGACGGTGACCCTGTTACTGTTGTCAGTCGT_______	AGAGTGACTGT
102	2	+	20	77	GCTGAGACGGTGACACTGATACTGTTATCA____________	AGAGTGACTGA
102	2	+	18	80	GCTGAGACGGTGACCCTGTTACTGTTGTCAGTCGT_______	AGAGTGACTGT
102	2	+	20	62	GCTGAGACGGTGACC___________________________	AGAGTGA____
102	2	+	18	54	GCTGAGACG_________________________________	AGA________
102	2	+	20	56	GCTGAGACG_________________________________	AGA________
102	2	+	19	81	GCTGAGACGGTGACCCTGTTACTGTTGTCAGTCGT_______	AGAGTGACTGT
102	2	+	20	82	GCTGAGACGGTGACCCTGTTACTGTTGTCAGTCGT_______	AGAGTGACTGT
102	2	+	20	62	GCTGAGACGGTGACC___________________________	AGAGTGA____
102	2	+	20	82	GCTGAGACGGTGACCCTGTTACTGTTGTCAGTCGT_______	AGAGTGACTGT
102	2	+	19	61	GCTGAGACGGTGACC___________________________	AGAGTGA____
102	2	+	20	62	GCTGAGACGGTGACC___________________________	AGAGTGA____
102	2	+	18	54	GCTGAGACG_________________________________	AGA________
102	2	+	18	60	GCTGAGACGGTGACC___________________________	AGAGTGA____
102	2	+	19	81	GCTGAGACGGTGACCCTGTTACTGTTGTCAGTCGT_______	AGAGTGACTGT
102	2	+	19	61	GCTGAGACGGTGACC___________________________	AGAGTGA____
102	2	+	22	84	GCTGAGACGGTGACCCTGTTACTGTTGTCAGTCGT_______	AGAGTGACTGT
102	2	+	20	62	GCTGAGACGGTGACC___________________________	AGAGTGA____
102	2	+	20	51	GCTG______________________________________	___________
102	2	+	18	80	GCTGAGACGGTGACCCTGTTACTGTTGTCAGTCGT_______	AGAGTGACTGT
102	2	+	14	76	GCTGAGACGGTGACCCTGTTACTGTTGTCAGTCGT_______	AGAGTGACTGT
102	2	+	18	60	GCTGAGACGGTGACC___________________________	AGAGTGA____
102	2	+	22	84	GCTGAGACGGTGACCCTGTTACTGTTGTCAGTCGT_______	AGAGTGACTGT
102	2	+	20	82	GCTGAGACGGTGACCCTGTTACTGTTGTCAGTCGT_______	AGAGTGACTGT
102	2	+	20	82	GCTGAGACGGTGACCCTGTTACTGTTGTCAGTCGT_______	AGAGTGACTGT
102	2	+	19	81	GCTGAGACGGTGACCCTGTTACTGTTGTCAGTCGT_______	AGAGTGACTGT
102	2	+	20	62	GCTGAGACGGTGACC___________________________	AGAGTGA____
102	2	+	20	82	GCTGAGACGGTGACCCTGTTACTGTTGTCAGTCGT_______	AGAGTGACTGT
102	2	+	20	56	GCTGAGACG_________________________________	AGA________
102	2	+	18	60	GCTGAGACGGTGACC___________________________	AGAGTGA____
102	2	+	20	82	GCTGAGACGGTGACCCTGTTACTGTTGTCAGTCGT_______	AGAGTGACTGT
102	2	+	20	82	GCTGAGACGGTGACCCTGTTACTGTTGTCAGTCGT_______	AGAGTGACTGT
102	2	+	20	62	GCTGAGACGGTGACC___________________________	AGAGTGA____
102	2	+	20	82	GCTGAGACGGTGACCCTGTTACTGTTGTCAGTCGT_______	AGAGTGACTGT
102	2	+	20	62	GCTGAGACGGTGACC___________________________	AGAGTGA____
102	2	+	20	82	GCTGAGACGGTGACCCTGTTACTGTTGTCAGTCGT_______	AGAGTGACTGT
102	2	+	21	63	GCTGAGACGGTGACC___________________________	AGAGTGA____
102	2	+	20	82	GCTGAGACGGTGACCCTGTTACTGTTGTCAGTCGT_______	AGAGTGACTGT
102	2	+	20	82	GCTGAGACGGTGACCCTGTTACTGTTGTCAGTCGT_______	AGAGTGACTGT
102	2	+	19	81	GCTGAGACGGTGACCCTGTTACTGTTGTCAGTCGT_______	AGAGTGACTGT
102	2	+	22	64	GCTGAGACGGTGACC___________________________	AGAGTGA____
102	2	+	19	81	GCTGAGACGGTGACCCTGTTACTGTTGTCAGTCGT_______	AGAGTGACTGT
102	2	+	18	80	GCTGAGACGGTGACCCTGTTACTGTTGTCAGTCGT_______	AGAGTGACTGT
102	2	+	19	81	GCTGAGACGGTGACCCTGTTACTGTTGTCAGTCGT_______	AGAGTGACTGT
102	2	+	20	62	GCTGAGACGGTGACC___________________________	AGAGTGA____
102	2	+	18	80	GCTGAGACGGTGACCCTGTTACTGTTGTCAGTCGT_______	AGAGTGACTGT
102	2	+	20	82	GCTGAGACGGTGACCCTGTTACTGTTGTCAGTCGT_______	AGAGTGACTGT
102	2	+	18	49	GCTG______________________________________	___________
102	2	+	20	49	GC________________________________________	___________
102	2	+	19	49	GCT_______________________________________	___________
102	2	+	11	73	GCTGAGACGGTGACCCTGTTACTGTTGTCAGTCGT_______	AGAGTGACTGT
102	2	+	20	62	GCTGAGACGGTGACC___________________________	AGAGTGA____
102	2	+	20	62	GCTGAGACGGTGACC___________________________	AGAGTGA____
102	2	+	20	82	GCTGAGACGGTGACCCTGTTACTGTTGTCAGTCGT_______	AGAGTGACTGT
102	2	+	20	82	GCTGAGACGGTGACCCTGTTACTGTTGTCAGTCGT_______	AGAGTGACTGT
102	2	+	20	82	GCTGAGACGGTGACCCTGTTACTGTTGTCAGTCGT_______	AGAGTGACTGT
102	2	+	19	81	GCTGAGACGGTGACCCTGTTACTGTTGTCAGTCGT_______	AGAGTGACTGT
102	2	+	20	82	GCTGAGACGGTGACCCTGTTACTGTTGTCAGTCGT_______	AGAGTGACTGT
102	2	+	20	51	GCTG______________________________________	___________
102	2	+	19	81	GCTGAGACGGTGACCCTGTTACTGTTGTCAGTCGT_______	AGAGTGACTGT
102	2	+	9	51	GCTGAGACGGTGACC___________________________	AGAGTGA____
102	2	+	21	83	GCTGAGACGGTGACCCTGTTACTGTTGTCAGTCGT_______	AGAGTGACTGT
102	2	+	20	51	GCTG______________________________________	___________
102	2	+	9	71	GCTGAGACGGTGACCCTGTTACTGTTGTCAGTCGT_______	AGAGTGACTGT
102	2	+	20	82	GCTGAGACGGTGACCCTGTTACTGTTGTCAGTCGT_______	AGAGTGACTGT
102	2	+	20	82	GCTGAGACGGTGACCCTGTTACTGTTGTCAGTCGT_______	AGAGTGACTGT
102	2	+	20	82	GCTGAGACGGTGACCCTGTTACTGTTGTCAGTCGT_______	AGAGTGACTGT
102	2	+	20	56	GCTGAGACG_________________________________	AGA________
102	2	+	20	62	GCTGAGACGGTGACC___________________________	AGAGTGA____
102	2	+	20	56	GCTGAGACG_________________________________	AGA________
102	2	+	20	82	GCTGAGACGGTGACCCTGTTACTGTTGTCAGTCGT_______	AGAGTGACTGT
102	2	+	18	54	GCTGAGACG_________________________________	AGA________
102	2	+	20	82	GCTGAGACGGTGACCCTGTTACTGTTGTCAGTCGT_______	AGAGTGACTGT
102	2	+	20	82	GCTGAGACGGTGACCCTGTTACTGTTGTCAGTCGT_______	AGAGTGACTGT
102	2	+	18	60	GCTGAGACGGTGACC___________________________	AGAGTGA____
102	2	+	24	86	GCTGAGACGGTGACCCTGTTACTGTTGTCAGTCGT_______	AGAGTGACTGT
102	2	+	18	80	GCTGAGACGGTGACCCTGTTACTGTTGTCAGTCGT_______	AGAGTGACTGT
102	2	+	23	59	GCTGAGACG_________________________________	AGA________
102	2	+	20	62	GCTGAGACGGTGACC___________________________	AGAGTGA____
102	2	+	19	50	GCTG______________________________________	___________
102	2	+	20	82	GCTGAGACGGTGACCCTGTTACTGTTGTCAGTCGT_______	AGAGTGACTGT
102	2	+	13	55	GCTGAGACGGTGACC___________________________	AGAGTGA____
102	2	+	20	82	GCTGAGACGGTGACCCTGTTACTGTTGTCAGTCGT_______	AGAGTGACTGT
102	2	+	20	82	GCTGAGACGGTGACCCTGTTACTGTTGTCAGTCGT_______	AGAGTGACTGT
102	2	+	20	82	GCTGAGACGGTGACCCTGTTACTGTTGTCAGTCGT_______	AGAGTGACTGT
102	2	+	19	81	GCTGAGACGGTGACCCTGTTACTGTTGTCAGTCGT_______	AGAGTGACTGT
102	2	+	17	48	GCTG______________________________________	___________
102	2	+	17	79	GCTGAGACGGTGACCCTGTTACTGTTGTCAGTCGT_______	AGAGTGACTGT
102	2	+	20	82	GCTGAGACGGTGACCCTGTTACTGTTGTCAGTCGT_______	AGAGTGACTGT
102	2	+	19	81	GCTGAGACGGTGACCCTGTTACTGTTGTCAGTCGT_______	AGAGTGACTGT
102	2	+	19	81	GCTGAGACGGTGACCCTGTTACTGTTGTCAGTCGT_______	AGAGTGACTGT
102	2	+	20	82	GCTGAGACGGTGACCCTGTTACTGTTGTCAGTCGT_______	AGAGTGACTGT
102	2	+	20	82	GCTGAGACGGTGACCCTGTTACTGTTGTCAGTCGT_______	AGAGTGACTGT
102	2	+	17	59	GCTGAGACGGTGACC___________________________	AGAGTGA____
102	2	+	18	80	GCTGAGACGGTGACCCTGTTACTGTTGTCAGTCGT_______	AGAGTGACTGT
102	2	+	20	82	GCTGAGACGGTGACCCTGTTACTGTTGTCAGTCGT_______	AGAGTGACTGT
102	2	+	20	82	GCTGAGACGGTGACCCTGTTACTGTTGTCAGTCGT_______	AGAGTGACTGT
102	2	+	20	82	GCTGAGACGGTGACCCTGTTACTGTTGTCAGTCGT_______	AGAGTGACTGT
102	2	+	19	81	GCTGAGACGGTGACCCTGTTACTGTTGTCAGTCGT_______	AGAGTGACTGT
102	2	+	20	62	GCTGAGACGGTGACC___________________________	AGAGTGA____
102	2	+	19	55	GCTGAGACG_________________________________	AGA________
102	2	+	10	52	GCTGAGACGGTGACC___________________________	AGAGTGA____
102	2	+	20	82	GCTGAGACGGTGACCCTGTTACTGTTGTCAGTCGT_______	AGAGTGACTGT
102	2	+	21	83	GCTGAGACGGTGACCCTGTTACTGTTGTCAGTCGT_______	AGAGTGACTGT
102	2	+	17	79	GCTGAGACGGTGACCCTGTTACTGTTGTCAGTCGT_______	AGAGTGACTGT
102	2	+	20	82	GCTGAGACGGTGACCCTGTTACTGTTGTCAGTCGT_______	AGAGTGACTGT
102	2	+	20	56	GCTGAGACG_________________________________	AGA________
102	2	+	20	82	GCTGAGACGGTGACCCTGTTACTGTTGTCAGTCGT_______	AGAGTGACTGT
102	2	+	20	82	GCTGAGACGGTGACCCTGTTACTGTTGTCAGTCGT_______	AGAGTGACTGT
102	2	+	24	86	GCTGAGACGGTGACCCTGTTACTGTTGTCAGTCGT_______	AGAGTGACTGT
102	2	+	19	55	GCTGAGACG_________________________________	AGA________
102	2	+	19	81	GCTGAGACGGTGACCCTGTTACTGTTGTCAGTCGT_______	AGAGTGACTGT
102	2	+	19	81	GCTGAGACGGTGACCCTGTTACTGTTGTCAGTCGT_______	AGAGTGACTGT
102	2	+	20	70	GCTGAGACGGTGACCCTGTTACT___________________	AGAGTGACTGT
102	2	+	20	82	GCTGAGACGGTGACCCTGTTACTGTTGTCAGTCGT_______	AGAGTGACTGT
102	2	+	20	51	GCTG______________________________________	___________
102	2	+	20	82	GCTGAGACGGTGACCCTGTTACTGTTGTCAGTCGT_______	AGAGTGACTGT
102	2	+	20	51	GCTG______________________________________	___________
102	2	+	20	82	GCTGAGACGGTGACCCTGTTACTGTTGTCAGTCGT_______	AGAGTGACTGT
102	2	+	18	60	GCTGAGACGGTGACC___________________________	AGAGTGA____
102	2	+	20	62	GCTGAGACGGTGACC___________________________	AGAGTGA____
102	2	+	19	55	GCTGAGACG_________________________________	AGA________
102	2	+	20	70	GCTGAGACGGTGACCCTGTTACT___________________	AGAGTGACTGT
102	2	+	19	61	GCTGAGACGGTGACC___________________________	AGAGTGA____
102	2	+	20	62	GCTGAGACGGTGACC___________________________	AGAGTGA____
102	2	+	20	51	GCTG______________________________________	___________
102	2	+	18	80	GCTGAGACGGTGACCCTGTTACTGTTGTCAGTCGT_______	AGAGTGACTGT
102	2	+	17	79	GCTGAGACGGTGACCCTGTTACTGTTGTCAGTCGT_______	AGAGTGACTGT
102	2	+	7	49	GCTGAGACGGTGACC___________________________	AGAGTGA____
102	2	+	19	61	GCTGAGACGGTGACC___________________________	AGAGTGA____
102	2	+	18	74	GCTGAGACGGTGACCCTGTTACTGTTGTC_____________	AGAGTGACTGT
102	2	+	20	82	GCTGAGACGGTGACCCTGTTACTGTTGTCAGTCGT_______	AGAGTGACTGT
102	2	+	19	81	GCTGAGACGGTGACCCTGTTACTGTTGTCAGTCGT_______	AGAGTGACTGT
102	2	+	20	82	GCTGAGACGGTGACCCTGTTACTGTTGTCAGTCGT_______	AGAGTGACTGT
102	2	+	20	62	GCTGAGACGGTGACC___________________________	AGAGTGA____
102	2	+	19	81	GCTGAGACGGTGACCCTGTTACTGTTGTCAGTCGT_______	AGAGTGACTGT
102	2	+	19	81	GCTGAGACGGTGACCCTGTTACTGTTGTCAGTCGT_______	AGAGTGACTGT
102	2	+	20	82	GCTGAGACGGTGACCCTGTTACTGTTGTCAGTCGT_______	AGAGTGACTGT
102	2	+	20	51	GCTG______________________________________	___________
102	2	+	20	82	GCTGAGACGGTGACCCTGTTACTGTTGTCAGTCGT_______	AGAGTGACTGT
102	2	+	9	51	GCTGAGACGGTGACC___________________________	AGAGTGA____
102	2	+	20	62	GCTGAGACGGTGACC___________________________	AGAGTGA____
102	2	+	20	82	GCTGAGACGGTGACCCTGTTACTGTTGTCAGTCGT_______	AGAGTGACTGT
102	2	+	20	82	GCTGAGACGGTGACCCTGTTACTGTTGTCAGTCGT_______	AGAGTGACTGT
102	2	+	20	62	GCTGAGACGGTGACC___________________________	AGAGTGA____
102	2	+	22	84	GCTGAGACGGTGACCCTGTTACTGTTGTCAGTCGT_______	AGAGTGACTGT
102	2	+	20	82	GCTGAGACGGTGACCCTGTTACTGTTGTCAGTCGT_______	AGAGTGACTGT
102	2	+	20	56	GCTGAGACG_________________________________	AGA________
102	2	+	20	56	GCTGAGACG_________________________________	AGA________
102	2	+	19	61	GCTGAGACGGTGACC___________________________	AGAGTGA____
102	2	+	20	82	GCTGAGACGGTGACCCTGTTACTGTTGTCAGTCGT_______	AGAGTGACTGT
102	2	+	18	145	GCTGAGACGGTGACCCTGTTACGTTGTCAGTCGTTATTATGA	AGAGTGACTGT
102	2	+	20	62	GCTGAGACGGTGACC___________________________	AGAGTGA____
102	2	+	22	84	GCTGAGACGGTGACCCTGTTACTGTTGTCAGTCGT_______	AGAGTGACTGT
102	2	+	22	72	GCTGAGACGGTGACCCTGTTACT___________________	AGAGTGACTGT
102	2	+	20	50	GCT_______________________________________	___________
102	2	+	20	62	GCTGAGACGGTGACC___________________________	AGAGTGA____
102	2	+	17	79	GCTGAGACGGTGACCCTGTTACTGTTGTCAGTCGT_______	AGAGTGACTGT
102	2	+	18	49	GCTG______________________________________	___________
102	2	+	24	86	GCTGAGACGGTGACCCTGTTACTGTTGTCAGTCGT_______	AGAGTGACTGT
102	2	+	20	82	GCTGAGACGGTGACCCTGTTACTGTTGTCAGTCGT_______	AGAGTGACTGT
102	2	+	22	64	GCTGAGACGGTGACC___________________________	AGAGTGA____
102	2	+	20	82	GCTGAGACGGTGACCCTGTTACTGTTGTCAGTCGT_______	AGAGTGACTGT
102	2	+	22	84	GCTGAGACGGTGACCCTGTTACTGTTGTCAGTCGT_______	AGAGTGACTGT
102	2	+	19	50	GCTG______________________________________	___________
102	2	+	20	82	GCTGAGACGGTGACCCTGTTACTGTTGTCAGTCGT_______	AGAGTGACTGT
102	2	+	20	82	GCTGAGACGGTGACCCTGTTACTGTTGTCAGTCGT_______	AGAGTGACTGT
102	2	+	20	82	GCTGAGACGGTGACCCTGTTACTGTTGTCAGTCGT_______	AGAGTGACTGT
102	2	+	14	76	GCTGAGACGGTGACCCTGTTACTGTTGTCAGTCGT_______	AGAGTGACTGT
102	2	+	19	61	GCTGAGACGGTGACC___________________________	AGAGTGA____
102	2	+	20	56	GCTGAGACG_________________________________	AGA________
102	2	+	17	79	GCTGAGACGGTGACCCTGTTACTGTTGTCAGTCGT_______	AGAGTGACTGT
102	2	+	18	80	GCTGAGACGGTGACCCTGTTACTGTTGTCAGTCGT_______	AGAGTGACTGT
102	2	+	19	61	GCTGAGACGGTGACC___________________________	AGAGTGA____
102	2	+	22	72	GCTGAGACGGTGACCCTGTTACT___________________	AGAGTGACTGT
102	2	+	21	57	GCTGAGACG_________________________________	AGA________
102	2	+	20	82	GCTGAGACGGTGACCCTGTTACTGTTGTCAGTCGT_______	AGAGTGACTGT
102	2	+	20	82	GCTGAGACGGTGACCCTGTTACTGTTGTCAGTCGT_______	AGAGTGACTGT
102	2	+	20	82	GCTGAGACGGTGACCCTGTTACTGTTGTCAGTCGT_______	AGAGTGACTGT
102	2	+	19	81	GCTGAGACGGTGACCCTGTTACTGTTGTCAGTCGT_______	AGAGTGACTGT
102	2	+	18	80	GCTGAGACGGTGACCCTGTTACTGTTGTCAGTCGT_______	AGAGTGACTGT
102	2	+	20	82	GCTGAGACGGTGACCCTGTTACTGTTGTCAGTCGT_______	AGAGTGACTGT
102	2	+	20	82	GCTGAGACGGTGACCCTGTTACTGTTGTCAGTCGT_______	AGAGTGACTGT
102	2	+	20	82	GCTGAGACGGTGACCCTGTTACTGTTGTCAGTCGT_______	AGAGTGACTGT
102	2	+	20	62	GCTGAGACGGTGACC___________________________	AGAGTGA____
102	2	+	20	62	GCTGAGACGGTGACC___________________________	AGAGTGA____
102	2	+	19	81	GCTGAGACGGTGACCCTGTTACTGTTGTCAGTCGT_______	AGAGTGACTGT
102	2	+	20	62	GCTGAGACGGTGACC___________________________	AGAGTGA____
102	2	+	20	82	GCTGAGACGGTGACCCTGTTACTGTTGTCAGTCGT_______	AGAGTGACTGT
102	2	+	20	56	GCTGAGACG_________________________________	AGA________
102	2	+	17	53	GCTGAGACG_________________________________	AGA________
102	2	+	20	82	GCTGAGACGGTGACCCTGTTACTGTTGTCAGTCGT_______	AGAGTGACTGT
102	2	+	20	82	GCTGAGACGGTGACCCTGTTACTGTTGTCAGTCGT_______	AGAGTGACTGT
102	2	+	20	82	GCTGAGACGGTGACCCTGTTACTGTTGTCAGTCGT_______	AGAGTGACTGT
102	2	+	20	82	GCTGAGACGGTGACCCTGTTACTGTTGTCAGTCGT_______	AGAGTGACTGT
102	2	+	18	80	GCTGAGACGGTGACCCTGTTACTGTTGTCAGTCGT_______	AGAGTGACTGT
102	2	+	19	61	GCTGAGACGGTGACC___________________________	AGAGTGA____
112	2	-	0	140	GCTGAGACGGTGACCCTGTTACTGTTGTCATCGTTATTATGA	AGAGTGACTGT
112	2	-	0	165	GCTGAGACGGTGACCCTGTTACTGTTGTCAGTCGTATTATGA	AGAGTGACTGT
112	2	+	0	165	GCTGAGACGGTGACCCTGTTACTGTGTCAGTCGTTATTATGA	AGAGTGACTGT
112	2	+	0	156	GCTGAGACGGTGACCCTGTTACTGTTGTCAGTCGTTATTATG	AGAGTGACTGT
114	2	+	0	163	GCTGAGACGGTGACCCTGTTACTGTTTCAGTCGTTATTATGA	AGAGTGACTGT
115	2	+	0	138	GCTGAGACGGTGACCCTGTTACTGTTGTCAGTCGTATTATGA	AGAGTGACTGT
117	2	-	0	130	GCTGAGACGGTGACCCTGTTACTGTTGTCAGTCGTATTATGA	AGAGTGACTGT
117	2	+	0	139	GCTGAGACGGTGACCCTGTTACTGTTGTCAGTCGTATTATGA	AGAGTGACTGT
123	2	+	0	154	GCTGAGACGGTGACCCTGTTACTGTTGTCAGTCGTTATATGA	AGAGTGACTGT
